<?xml version="1.0" encoding="UTF-8"?>
<shop shop-name="Polishop">
  <creditcards>
      <card id="8901">
        <circuit>
          VISA
        </circuit>
        <number>
          6358299031208439
        </number>
        <expire_date>
          52019
        </expire_date>
      </card>
      <card id="1634">
        <circuit>
          VISA
        </circuit>
        <number>
          0613876114005877
        </number>
        <expire_date>
          122021
        </expire_date>
      </card>
      <card id="6813">
        <circuit>
          Mastercard
        </circuit>
        <number>
          7801688742069617
        </number>
        <expire_date>
          32022
        </expire_date>
      </card>
  </creditcards>
</shop>
