<?xml version="1.0" encoding="UTF-8"?>
<shop shop-name="Polishop">
  <inventory>
      <item id="000003" stock="18">
        <name>Levitation Cloak</name>
        <price>23.99€</price>
        <description>Levitate yourself for up to 10 meters</description>
      </item>
      <item id="000005" stock="90">
        <name>Poli Flag</name>
        <price>100000€</price>
        <description>Flag with Polimi logo, usefull to be placed on a moon</description>
      </item>
      <item id="000002" stock="12">
        <name>Invisibility Cream</name>
        <price>14.50€</price>
        <description>Makes you invisible, until you bath</description>
      </item>
      <item id="000004" stock="5">
        <name>Poli pen</name>
        <price>0.50€</price>
        <description>A Pen, will magically reacharge it's ink during exams</description>
      </item>
      <item id="000001" stock="120">
        <name>Poli T-Shirt</name>
        <price>10€</price>
        <description>A T-shirt, +3 to studentness</description>
      </item>
  </inventory>
</shop>
